path,url,fetched_at,status,bytes,sha256
raw/dam/dam_2022-04.html,https://www.iexindia.com/market-data/day-ahead-market/market-snapshot?interval=ONE_FOURTH_HOUR&dp=SELECT_RANGE&showGraph=false&fromDate=01-04-2022&toDate=30-04-2022,2026-10-01T20:38:25,200,980667,54d6554bb2ce742372bdf94b5e259e1ee4a2af100debf2c1d394fb3b3078749c
raw/rtm/rtm_2022-04.html,https://www.iexindia.com/market-data/real-time-market/market-snapshot?interval=ONE_FOURTH_HOUR&dp=SELECT_RANGE&showGraph=false&fromDate=01-04-2022&toDate=30-04-2022,2026-10-01T20:38:41,200,977350,6966d083e1ec604acc650e7c6db532f75955e200ebf919fb092b31f8fa7356ba
raw/dam/dam_2022-05.html,https://www.iexindia.com/market-data/day-ahead-market/market-snapshot?interval=ONE_FOURTH_HOUR&dp=SELECT_RANGE&showGraph=false&fromDate=01-05-2022&toDate=31-05-2022,2026-10-01T20:38:52,200,1001790,12c18717cc9d562c063bb5d506ba9e5b51d10e178f361a53a8fc1e650687f604
raw/rtm/rtm_2022-05.html,https://www.iexindia.com/market-data/real-time-market/market-snapshot?interval=ONE_FOURTH_HOUR&dp=SELECT_RANGE&showGraph=false&fromDate=01-05-2022&toDate=31-05-2022,2026-10-01T20:39:04,200,999959,ce3ca4744cffb35553c406d06ea33d4d52771ab321f01d1ec1d80ea9d1d2359a
raw/dam/dam_2022-06.html,https://www.iexindia.com/market-data/day-ahead-market/market-snapshot?interval=ONE_FOURTH_HOUR&dp=SELECT_RANGE&showGraph=false&fromDate=01-06-2022&toDate=30-06-2022,2026-10-01T20:39:18,200,977753,b7a4556af59281a48146651494d91175715f1a62143f74fd2d8d8d6be7bf717f
raw/rtm/rtm_2022-06.html,https://www.iexindia.com/market-data/real-time-market/market-snapshot?interval=ONE_FOURTH_HOUR&dp=SELECT_RANGE&showGraph=false&fromDate=01-06-2022&toDate=30-06-2022,2026-10-01T20:39:30,200,976003,61c83c20d63eb5c606bf4be238182db752faa0bb9c3a48413390572e0def3cf7
raw/dam/dam_2022-07.html,https://www.iexindia.com/market-data/day-ahead-market/market-snapshot?interval=ONE_FOURTH_HOUR&dp=SELECT_RANGE&showGraph=false&fromDate=01-07-2022&toDate=31-07-2022,2026-10-01T20:39:43,200,1001606,74cbb7051aa97a83dce41d5be1382e8f9351cea8aa772d7f9c6c8130da84ffb9
raw/rtm/rtm_2022-07.html,https://www.iexindia.com/market-data/real-time-market/market-snapshot?interval=ONE_FOURTH_HOUR&dp=SELECT_RANGE&showGraph=false&fromDate=01-07-2022&toDate=31-07-2022,2026-10-01T20:39:59,200,999656,4de35658147ec22085a194de542bc12450427a678068cbeb8db3fa22d80cc1d2
raw/dam/dam_2022-08.html,https://www.iexindia.com/market-data/day-ahead-market/market-snapshot?interval=ONE_FOURTH_HOUR&dp=SELECT_RANGE&showGraph=false&fromDate=01-08-2022&toDate=31-08-2022,2026-10-01T20:40:12,200,1001678,2b673f54cf1c8bdbf4de36810e13ca22b1bff87a46f28df4a6aee3d70d37f6a7
raw/rtm/rtm_2022-08.html,https://www.iexindia.com/market-data/real-time-market/market-snapshot?interval=ONE_FOURTH_HOUR&dp=SELECT_RANGE&showGraph=false&fromDate=01-08-2022&toDate=31-08-2022,2026-10-01T20:40:24,200,999658,5170cff8ecf0218bd71f8c704b78325cafebef759e688b7f807cb611a3526963
raw/dam/dam_2022-09.html,https://www.iexindia.com/market-data/day-ahead-market/market-snapshot?interval=ONE_FOURTH_HOUR&dp=SELECT_RANGE&showGraph=false&fromDate=01-09-2022&toDate=30-09-2022,2026-10-01T20:40:37,200,978356,b671d185bbe58102914a297820d75d8045e3ea91e22a09207eb13cfedc56a584
raw/rtm/rtm_2022-09.html,https://www.iexindia.com/market-data/real-time-market/market-snapshot?interval=ONE_FOURTH_HOUR&dp=SELECT_RANGE&showGraph=false&fromDate=01-09-2022&toDate=30-09-2022,2026-10-01T20:40:49,200,975274,ad47d918afc5820d79913b65da1fd69b0c21b3fe4089ae508f3a1bcc9b8d7a51
raw/dam/dam_2022-10.html,https://www.iexindia.com/market-data/day-ahead-market/market-snapshot?interval=ONE_FOURTH_HOUR&dp=SELECT_RANGE&showGraph=false&fromDate=01-10-2022&toDate=31-10-2022,2026-10-01T20:41:01,200,1003082,a50cbb5386561cc736c2e1ba257c2c10731f267007c88ded53b6803ec3fa7852
raw/rtm/rtm_2022-10.html,https://www.iexindia.com/market-data/real-time-market/market-snapshot?interval=ONE_FOURTH_HOUR&dp=SELECT_RANGE&showGraph=false&fromDate=01-10-2022&toDate=31-10-2022,2026-10-01T20:41:13,200,999316,b25f9e851af34584bbe74b16fc4a6f7ee0c75377049ad16a880a038140891cf6
raw/dam/dam_2022-11.html,https://www.iexindia.com/market-data/day-ahead-market/market-snapshot?interval=ONE_FOURTH_HOUR&dp=SELECT_RANGE&showGraph=false&fromDate=01-11-2022&toDate=30-11-2022,2026-10-01T20:41:25,200,979951,3de66d574ffb40459cd8c155527c8ba1abf89ec68b2ca2ef612d82f0cb7a9e32
raw/rtm/rtm_2022-11.html,https://www.iexindia.com/market-data/real-time-market/market-snapshot?interval=ONE_FOURTH_HOUR&dp=SELECT_RANGE&showGraph=false&fromDate=01-11-2022&toDate=30-11-2022,2026-10-01T20:41:37,200,974712,9c90db5e496eb9f476ebc6213200157fc8e989046d32be3a88ae1dc6883de22a
raw/dam/dam_2022-12.html,https://www.iexindia.com/market-data/day-ahead-market/market-snapshot?interval=ONE_FOURTH_HOUR&dp=SELECT_RANGE&showGraph=false&fromDate=01-12-2022&toDate=31-12-2022,2026-10-01T20:41:54,200,1003961,46e4733ded17432ff3d70a30411d609c214e2db8997cf4a35a8fd3cb1b3aa9c0
raw/rtm/rtm_2022-12.html,https://www.iexindia.com/market-data/real-time-market/market-snapshot?interval=ONE_FOURTH_HOUR&dp=SELECT_RANGE&showGraph=false&fromDate=01-12-2022&toDate=31-12-2022,2026-10-01T20:42:07,200,999456,9da43560067ed18e6c12ea890936b4c0c9a01eb374aeb87ab83f92413204537b
raw/dam/dam_2023-01.html,https://www.iexindia.com/market-data/day-ahead-market/market-snapshot?interval=ONE_FOURTH_HOUR&dp=SELECT_RANGE&showGraph=false&fromDate=01-01-2023&toDate=31-01-2023,2026-10-01T20:42:25,200,1004361,e2344a74e7447909cf2f0146834b35428615c47278a8d0c570b83600a6967217
raw/rtm/rtm_2023-01.html,https://www.iexindia.com/market-data/real-time-market/market-snapshot?interval=ONE_FOURTH_HOUR&dp=SELECT_RANGE&showGraph=false&fromDate=01-01-2023&toDate=31-01-2023,2026-10-01T20:42:37,200,1000009,22fa192430c15a536abf270548d12df8230a743fc7897ae8ed17138cf4b113d6
raw/dam/dam_2023-02.html,https://www.iexindia.com/market-data/day-ahead-market/market-snapshot?interval=ONE_FOURTH_HOUR&dp=SELECT_RANGE&showGraph=false&fromDate=01-02-2023&toDate=28-02-2023,2026-10-01T20:42:49,200,930357,8c4519363f4f3dec156e48f2a757b01e716bd4bd89fa1bea55ddd6fa889b40d5
raw/rtm/rtm_2023-02.html,https://www.iexindia.com/market-data/real-time-market/market-snapshot?interval=ONE_FOURTH_HOUR&dp=SELECT_RANGE&showGraph=false&fromDate=01-02-2023&toDate=28-02-2023,2026-10-01T20:43:08,200,927192,3923ca470ba21c5f681b8d7497421b8168adcafa5b272556b04126d11a394ebe
raw/dam/dam_2023-03.html,https://www.iexindia.com/market-data/day-ahead-market/market-snapshot?interval=ONE_FOURTH_HOUR&dp=SELECT_RANGE&showGraph=false&fromDate=01-03-2023&toDate=31-03-2023,2026-10-01T20:43:20,200,1004075,c008303e67a52caeda5ba5304577bd9b8c6302ea2d76d94f1a900021083e4087
raw/rtm/rtm_2023-03.html,https://www.iexindia.com/market-data/real-time-market/market-snapshot?interval=ONE_FOURTH_HOUR&dp=SELECT_RANGE&showGraph=false&fromDate=01-03-2023&toDate=31-03-2023,2026-10-01T20:43:32,200,999344,38e2d78795bf67f4e12413a487af701fedc24ae02a1b05ad94cbdf4f8e0cc467
raw/dam/dam_2023-04.html,https://www.iexindia.com/market-data/day-ahead-market/market-snapshot?interval=ONE_FOURTH_HOUR&dp=SELECT_RANGE&showGraph=false&fromDate=01-04-2023&toDate=30-04-2023,2026-10-01T20:43:44,200,980330,d6c0b03b16ca46ec8cb0bf7b97e7169a0a8a5bf52dcdafa81fd62ad670466931
raw/rtm/rtm_2023-04.html,https://www.iexindia.com/market-data/real-time-market/market-snapshot?interval=ONE_FOURTH_HOUR&dp=SELECT_RANGE&showGraph=false&fromDate=01-04-2023&toDate=30-04-2023,2026-10-01T20:43:56,200,975840,a7629693439bc6f2ee3319d2c4245cb81e9a6e4136ae70bba3e9aa5471fcd9a0
raw/dam/dam_2023-05.html,https://www.iexindia.com/market-data/day-ahead-market/market-snapshot?interval=ONE_FOURTH_HOUR&dp=SELECT_RANGE&showGraph=false&fromDate=01-05-2023&toDate=31-05-2023,2026-10-01T20:44:11,200,1002561,d9e557d39e5b78f806df6457c5e5203ce0fa113740869afc3d135106711b49c6
raw/rtm/rtm_2023-05.html,https://www.iexindia.com/market-data/real-time-market/market-snapshot?interval=ONE_FOURTH_HOUR&dp=SELECT_RANGE&showGraph=false&fromDate=01-05-2023&toDate=31-05-2023,2026-10-01T20:44:27,200,999873,1204de7e380fcd761f5d051c530430bacd95ef4933a13307997b2020a51a0beb
raw/dam/dam_2023-06.html,https://www.iexindia.com/market-data/day-ahead-market/market-snapshot?interval=ONE_FOURTH_HOUR&dp=SELECT_RANGE&showGraph=false&fromDate=01-06-2023&toDate=30-06-2023,2026-10-01T20:44:39,200,978751,106ddbd2a9fdb097b22ace82716bb55adee7588bbb26f251ef942ce963a32708
raw/rtm/rtm_2023-06.html,https://www.iexindia.com/market-data/real-time-market/market-snapshot?interval=ONE_FOURTH_HOUR&dp=SELECT_RANGE&showGraph=false&fromDate=01-06-2023&toDate=30-06-2023,2026-10-01T20:44:51,200,975769,5f88c42e2b0b18bafee91df735724f6a85f0bf35d80431edfd576e868a605478
raw/dam/dam_2023-07.html,https://www.iexindia.com/market-data/day-ahead-market/market-snapshot?interval=ONE_FOURTH_HOUR&dp=SELECT_RANGE&showGraph=false&fromDate=01-07-2023&toDate=31-07-2023,2026-10-01T20:45:08,200,1003107,c72346ee77a55c7f220335df61489b56b5445f5e9bc7de62f639b69cfe69b075
raw/rtm/rtm_2023-07.html,https://www.iexindia.com/market-data/real-time-market/market-snapshot?interval=ONE_FOURTH_HOUR&dp=SELECT_RANGE&showGraph=false&fromDate=01-07-2023&toDate=31-07-2023,2026-10-01T20:45:24,200,999954,037b2317fe8dc82245e572116686b2c8c50fde0574ecda92810b70e7b4a83944
raw/dam/dam_2023-08.html,https://www.iexindia.com/market-data/day-ahead-market/market-snapshot?interval=ONE_FOURTH_HOUR&dp=SELECT_RANGE&showGraph=false&fromDate=01-08-2023&toDate=31-08-2023,2026-10-01T20:45:44,200,1004288,3c864d7012fdf6cd10b5d27325a1c0955dc2b3fe4c62990ff8a7679434a015ab
raw/rtm/rtm_2023-08.html,https://www.iexindia.com/market-data/real-time-market/market-snapshot?interval=ONE_FOURTH_HOUR&dp=SELECT_RANGE&showGraph=false&fromDate=01-08-2023&toDate=31-08-2023,2026-10-01T20:45:56,200,1001072,c0f0aa44bd44f152cc4f054e13534a9048ab02ad28732a42d164de785aa9af78
raw/dam/dam_2023-09.html,https://www.iexindia.com/market-data/day-ahead-market/market-snapshot?interval=ONE_FOURTH_HOUR&dp=SELECT_RANGE&showGraph=false&fromDate=01-09-2023&toDate=30-09-2023,2026-10-01T20:46:21,200,978162,c02e80f4a8f6bfd2ff985ba47f6c483de06a7b598629ee4676d417a1cc7150d8
raw/rtm/rtm_2023-09.html,https://www.iexindia.com/market-data/real-time-market/market-snapshot?interval=ONE_FOURTH_HOUR&dp=SELECT_RANGE&showGraph=false&fromDate=01-09-2023&toDate=30-09-2023,2026-10-01T20:46:34,200,976350,877a079e21e465b671620514a6e301e2a01bbc7b10ef750ff2045f612acc6d0b
raw/dam/dam_2023-10.html,https://www.iexindia.com/market-data/day-ahead-market/market-snapshot?interval=ONE_FOURTH_HOUR&dp=SELECT_RANGE&showGraph=false&fromDate=01-10-2023&toDate=31-10-2023,2026-10-01T20:46:47,200,1004324,b25387cadbc33caa9c0b78e11d1c494e234cc78795651325fcbe14e8c87a8039
raw/rtm/rtm_2023-10.html,https://www.iexindia.com/market-data/real-time-market/market-snapshot?interval=ONE_FOURTH_HOUR&dp=SELECT_RANGE&showGraph=false&fromDate=01-10-2023&toDate=31-10-2023,2026-10-01T20:46:59,200,1000959,aa116f3e2ac59d27207fcefd4d3456ce7004ea677ae300567c2a01e102243628
raw/dam/dam_2023-11.html,https://www.iexindia.com/market-data/day-ahead-market/market-snapshot?interval=ONE_FOURTH_HOUR&dp=SELECT_RANGE&showGraph=false&fromDate=01-11-2023&toDate=30-11-2023,2026-10-01T20:47:12,200,980322,09c6115f9331c71d69d23532451daa2ce3349e27e1e53a7f2086b1d821a9011f
raw/rtm/rtm_2023-11.html,https://www.iexindia.com/market-data/real-time-market/market-snapshot?interval=ONE_FOURTH_HOUR&dp=SELECT_RANGE&showGraph=false&fromDate=01-11-2023&toDate=30-11-2023,2026-10-01T20:47:26,200,975870,dd2101a311776e693b834f34006fe01e76fc1f8996109fe1d996877021b23438
raw/dam/dam_2023-12.html,https://www.iexindia.com/market-data/day-ahead-market/market-snapshot?interval=ONE_FOURTH_HOUR&dp=SELECT_RANGE&showGraph=false&fromDate=01-12-2023&toDate=31-12-2023,2026-10-01T20:47:38,200,1003864,198a88e2ed2d2c7bac42f219ff4c91a889354a44c477ac2b92b28c35253f9e35
raw/rtm/rtm_2023-12.html,https://www.iexindia.com/market-data/real-time-market/market-snapshot?interval=ONE_FOURTH_HOUR&dp=SELECT_RANGE&showGraph=false&fromDate=01-12-2023&toDate=31-12-2023,2026-10-01T20:47:50,200,1000608,6f8fef73d208db5e7a4a16abdeb9da33b7deb099a2e75760aec2fb00161adf5c
raw/dam/dam_2024-01.html,https://www.iexindia.com/market-data/day-ahead-market/market-snapshot?interval=ONE_FOURTH_HOUR&dp=SELECT_RANGE&showGraph=false&fromDate=01-01-2024&toDate=31-01-2024,2026-10-01T20:48:02,200,1004836,3770ef9a987b028a98ff1af9a0fbfb8a324a700cc4fd80e6353f3f33b129eeb5
raw/rtm/rtm_2024-01.html,https://www.iexindia.com/market-data/real-time-market/market-snapshot?interval=ONE_FOURTH_HOUR&dp=SELECT_RANGE&showGraph=false&fromDate=01-01-2024&toDate=31-01-2024,2026-10-01T20:48:15,200,1001619,a1fe621d62fd5457b7d9704ce190e6165edcb08d9234340910a518a5940a9bb4
raw/dam/dam_2024-02.html,https://www.iexindia.com/market-data/day-ahead-market/market-snapshot?interval=ONE_FOURTH_HOUR&dp=SELECT_RANGE&showGraph=false&fromDate=01-02-2024&toDate=29-02-2024,2026-10-01T20:48:29,200,954767,7bc6ac7c8bc6ac1a5a7400bc01e3d54253c529b4e7fdcc3cb6ea983a7d9f64ba
raw/rtm/rtm_2024-02.html,https://www.iexindia.com/market-data/real-time-market/market-snapshot?interval=ONE_FOURTH_HOUR&dp=SELECT_RANGE&showGraph=false&fromDate=01-02-2024&toDate=29-02-2024,2026-10-01T20:48:48,200,951662,99ec72b206f1e38fc7ecbc8847eca2536859dc68e1e605adc81af3f6d9ef67c8
raw/dam/dam_2024-03.html,https://www.iexindia.com/market-data/day-ahead-market/market-snapshot?interval=ONE_FOURTH_HOUR&dp=SELECT_RANGE&showGraph=false&fromDate=01-03-2024&toDate=31-03-2024,2026-10-01T20:49:10,200,1003867,2e1bbce5071f8fa53cc1bfbab1d618013552a1678c394fb2b0c40d947a026e42
raw/rtm/rtm_2024-03.html,https://www.iexindia.com/market-data/real-time-market/market-snapshot?interval=ONE_FOURTH_HOUR&dp=SELECT_RANGE&showGraph=false&fromDate=01-03-2024&toDate=31-03-2024,2026-10-01T20:49:25,200,1000106,727e485644dc3572f15e2554b48928619c90d5745b234a4978e6d502cd411e75
raw/dam/dam_2024-04.html,https://www.iexindia.com/market-data/day-ahead-market/market-snapshot?interval=ONE_FOURTH_HOUR&dp=SELECT_RANGE&showGraph=false&fromDate=01-04-2024&toDate=30-04-2024,2026-10-01T20:49:37,200,979095,4bc0afe849336a66870ac428f4dd46755a32b7a2df4e6e4ba07b8a10dc11606b
raw/rtm/rtm_2024-04.html,https://www.iexindia.com/market-data/real-time-market/market-snapshot?interval=ONE_FOURTH_HOUR&dp=SELECT_RANGE&showGraph=false&fromDate=01-04-2024&toDate=30-04-2024,2026-10-01T20:49:48,200,976641,bdf981c4ea31d96f94aada07efdf265e04f848c59c955239d5a8fc185bd5d46a
raw/dam/dam_2024-05.html,https://www.iexindia.com/market-data/day-ahead-market/market-snapshot?interval=ONE_FOURTH_HOUR&dp=SELECT_RANGE&showGraph=false&fromDate=01-05-2024&toDate=31-05-2024,2026-10-01T20:50:08,200,1003380,56cea93c01b894123d41706595ca9082a03768fbdf4306d598d1d5a19e7603bd
raw/rtm/rtm_2024-05.html,https://www.iexindia.com/market-data/real-time-market/market-snapshot?interval=ONE_FOURTH_HOUR&dp=SELECT_RANGE&showGraph=false&fromDate=01-05-2024&toDate=31-05-2024,2026-10-01T20:50:20,200,1001469,5ce608d97f6bdd5d33807e5c92dbaf5e3309ece8a218dfcb3ceff3b3cc9260b9
raw/dam/dam_2024-06.html,https://www.iexindia.com/market-data/day-ahead-market/market-snapshot?interval=ONE_FOURTH_HOUR&dp=SELECT_RANGE&showGraph=false&fromDate=01-06-2024&toDate=30-06-2024,2026-10-01T20:50:32,200,980359,f13f08d272d9eb3955df1ce626e9c35f2f9cb69bb4edcda8d0a4d7031b46b8a1
raw/rtm/rtm_2024-06.html,https://www.iexindia.com/market-data/real-time-market/market-snapshot?interval=ONE_FOURTH_HOUR&dp=SELECT_RANGE&showGraph=false&fromDate=01-06-2024&toDate=30-06-2024,2026-10-01T20:50:47,200,977691,14350024dde9f2334aa8f194ed8057061687341e9dcb7de7848d135691c80c13
raw/dam/dam_2024-07.html,https://www.iexindia.com/market-data/day-ahead-market/market-snapshot?interval=ONE_FOURTH_HOUR&dp=SELECT_RANGE&showGraph=false&fromDate=01-07-2024&toDate=31-07-2024,2026-10-01T20:51:03,200,1004412,d5b5dc61c26f77382cb2c38adbb63c694fc94be6c86a862cf66fa88900807151
raw/rtm/rtm_2024-07.html,https://www.iexindia.com/market-data/real-time-market/market-snapshot?interval=ONE_FOURTH_HOUR&dp=SELECT_RANGE&showGraph=false&fromDate=01-07-2024&toDate=31-07-2024,2026-10-01T20:51:15,200,1001867,26bf57fb57fd479c3bdf07d55a3d8d5356387a3848339d0157ba393c660ed3f2
raw/dam/dam_2024-08.html,https://www.iexindia.com/market-data/day-ahead-market/market-snapshot?interval=ONE_FOURTH_HOUR&dp=SELECT_RANGE&showGraph=false&fromDate=01-08-2024&toDate=31-08-2024,2026-10-01T20:51:27,200,1003333,26e4e4ba955fd711fee8a5d02a02afc258f1cd63fc85df0652423cf0dc23ec6b
raw/rtm/rtm_2024-08.html,https://www.iexindia.com/market-data/real-time-market/market-snapshot?interval=ONE_FOURTH_HOUR&dp=SELECT_RANGE&showGraph=false&fromDate=01-08-2024&toDate=31-08-2024,2026-10-01T20:51:38,200,1001443,3be560d7a10423e3fa7ff37f559273f5fe540abbaea42bb780c47a2a543f3350
raw/dam/dam_2024-09.html,https://www.iexindia.com/market-data/day-ahead-market/market-snapshot?interval=ONE_FOURTH_HOUR&dp=SELECT_RANGE&showGraph=false&fromDate=01-09-2024&toDate=30-09-2024,2026-10-01T20:51:50,200,979435,9d96037565af8cafcf29337c1a8b2e693d490a722872739424203d1620ef1e3a
raw/rtm/rtm_2024-09.html,https://www.iexindia.com/market-data/real-time-market/market-snapshot?interval=ONE_FOURTH_HOUR&dp=SELECT_RANGE&showGraph=false&fromDate=01-09-2024&toDate=30-09-2024,2026-10-01T20:52:02,200,977040,d4d6f4984fdf487127c6c32ce0d07115362206b1d77b6b408f3df90c481dad1c
raw/dam/dam_2024-10.html,https://www.iexindia.com/market-data/day-ahead-market/market-snapshot?interval=ONE_FOURTH_HOUR&dp=SELECT_RANGE&showGraph=false&fromDate=01-10-2024&toDate=31-10-2024,2026-10-01T20:52:14,200,1003245,5afb822106a96127c8fd9c280f636747792156ba0959b88b847c40fca85e7acd
raw/rtm/rtm_2024-10.html,https://www.iexindia.com/market-data/real-time-market/market-snapshot?interval=ONE_FOURTH_HOUR&dp=SELECT_RANGE&showGraph=false&fromDate=01-10-2024&toDate=31-10-2024,2026-10-01T20:52:25,200,1001149,040f5bef381da1becfcb95e902ba1e59038d46aed9634ec41cbf7cd3a55d601c
raw/dam/dam_2024-11.html,https://www.iexindia.com/market-data/day-ahead-market/market-snapshot?interval=ONE_FOURTH_HOUR&dp=SELECT_RANGE&showGraph=false&fromDate=01-11-2024&toDate=30-11-2024,2026-10-01T20:52:37,200,980962,84f5ac5e969a20f89c509846adcdc7136cc466e51c2d933bfbbe704ae0f5899d
raw/rtm/rtm_2024-11.html,https://www.iexindia.com/market-data/real-time-market/market-snapshot?interval=ONE_FOURTH_HOUR&dp=SELECT_RANGE&showGraph=false&fromDate=01-11-2024&toDate=30-11-2024,2026-10-01T20:52:50,200,977006,a3a6e0e100d67b1faccca09730b03b50fc72ea11ec33a016989597dd169ec17c
raw/dam/dam_2024-12.html,https://www.iexindia.com/market-data/day-ahead-market/market-snapshot?interval=ONE_FOURTH_HOUR&dp=SELECT_RANGE&showGraph=false&fromDate=01-12-2024&toDate=31-12-2024,2026-10-01T20:53:05,200,1007211,a9e14dc8b5fdc882c060e69814b07e2537b7b7df011df2e8e8b77a8283fbbd8b
raw/rtm/rtm_2024-12.html,https://www.iexindia.com/market-data/real-time-market/market-snapshot?interval=ONE_FOURTH_HOUR&dp=SELECT_RANGE&showGraph=false&fromDate=01-12-2024&toDate=31-12-2024,2026-10-01T20:53:17,200,1001415,df4175dd1df01bc6e09713157d1960cbb924b1297f359d040c29f804e6a66c90
raw/dam/dam_2025-01.html,https://www.iexindia.com/market-data/day-ahead-market/market-snapshot?interval=ONE_FOURTH_HOUR&dp=SELECT_RANGE&showGraph=false&fromDate=01-01-2025&toDate=31-01-2025,2026-10-01T20:53:29,200,1005782,bd0ad8e17dc828461e553b515a66cd6c66e71f90f31c66b178c35d1cc7716dc3
raw/rtm/rtm_2025-01.html,https://www.iexindia.com/market-data/real-time-market/market-snapshot?interval=ONE_FOURTH_HOUR&dp=SELECT_RANGE&showGraph=false&fromDate=01-01-2025&toDate=31-01-2025,2026-10-01T20:53:46,200,1001793,aec1508e1f2830358cf6846f67cdc1882462473553fbbaa30a4c77acd3c2a9c5
raw/dam/dam_2025-02.html,https://www.iexindia.com/market-data/day-ahead-market/market-snapshot?interval=ONE_FOURTH_HOUR&dp=SELECT_RANGE&showGraph=false&fromDate=01-02-2025&toDate=28-02-2025,2026-10-01T20:54:07,200,932233,8d56f23a720f44ce9e6559d9dd1b60841116d38a837ccf89bf347e5f11da216a
raw/rtm/rtm_2025-02.html,https://www.iexindia.com/market-data/real-time-market/market-snapshot?interval=ONE_FOURTH_HOUR&dp=SELECT_RANGE&showGraph=false&fromDate=01-02-2025&toDate=28-02-2025,2026-10-01T20:54:27,200,928095,4b49755bc9d71a78c283b7645f442c0ba5c8192eb3ccfaae8d3b314c7ab321b8
raw/dam/dam_2025-03.html,https://www.iexindia.com/market-data/day-ahead-market/market-snapshot?interval=ONE_FOURTH_HOUR&dp=SELECT_RANGE&showGraph=false&fromDate=01-03-2025&toDate=31-03-2025,2026-10-01T20:54:41,200,1005592,4b79fa07c485a0b6143d2a07a69beaec41186754ffc4b130baef58679d77d7a4
raw/rtm/rtm_2025-03.html,https://www.iexindia.com/market-data/real-time-market/market-snapshot?interval=ONE_FOURTH_HOUR&dp=SELECT_RANGE&showGraph=false&fromDate=01-03-2025&toDate=31-03-2025,2026-10-01T20:54:57,200,1001046,9b0c189df608d41982a2987207732bb3618c4891a13b41c6255fa597157915d2
raw/dam/dam_2025-04.html,https://www.iexindia.com/market-data/day-ahead-market/market-snapshot?interval=ONE_FOURTH_HOUR&dp=SELECT_RANGE&showGraph=false&fromDate=01-04-2025&toDate=30-04-2025,2026-10-01T20:55:17,200,979956,14c3d10e13586a9a5fedda9af15319c3da4738849279d7a417c45b71919b3692
raw/rtm/rtm_2025-04.html,https://www.iexindia.com/market-data/real-time-market/market-snapshot?interval=ONE_FOURTH_HOUR&dp=SELECT_RANGE&showGraph=false&fromDate=01-04-2025&toDate=30-04-2025,2026-10-01T20:55:46,200,977434,5db37dfbdc1b9290f9fef278765e1479bc0aadefe014c10c5ed3bd19df90a76a
raw/dam/dam_2025-05.html,https://www.iexindia.com/market-data/day-ahead-market/market-snapshot?interval=ONE_FOURTH_HOUR&dp=SELECT_RANGE&showGraph=false&fromDate=01-05-2025&toDate=31-05-2025,2026-10-01T20:55:59,200,1002315,85d08553dd5fc589746e312cc219e276fe48558a752409808a529d7ec3c601d7
raw/rtm/rtm_2025-05.html,https://www.iexindia.com/market-data/real-time-market/market-snapshot?interval=ONE_FOURTH_HOUR&dp=SELECT_RANGE&showGraph=false&fromDate=01-05-2025&toDate=31-05-2025,2026-10-01T20:56:20,200,1002246,b66806f7f5cac1f007379c7b6857b71435e797116827653f71befaf8cf6a7f53
raw/dam/dam_2025-06.html,https://www.iexindia.com/market-data/day-ahead-market/market-snapshot?interval=ONE_FOURTH_HOUR&dp=SELECT_RANGE&showGraph=false&fromDate=01-06-2025&toDate=30-06-2025,2026-10-01T20:56:36,200,979239,82da4bc567836c6193b2898b07a08017c0942a38425a65a64f373cbdd5a8da2c
raw/rtm/rtm_2025-06.html,https://www.iexindia.com/market-data/real-time-market/market-snapshot?interval=ONE_FOURTH_HOUR&dp=SELECT_RANGE&showGraph=false&fromDate=01-06-2025&toDate=30-06-2025,2026-10-01T20:56:57,200,977814,32fff271350324264e73940eed4f3732efa3fca9c968c0748a9459b6410092f5
raw/dam/dam_2025-07.html,https://www.iexindia.com/market-data/day-ahead-market/market-snapshot?interval=ONE_FOURTH_HOUR&dp=SELECT_RANGE&showGraph=false&fromDate=01-07-2025&toDate=31-07-2025,2026-10-01T20:57:19,200,1005245,3fbb1fcaa40157501d481ed9f7fb313ce12e439cc6d3cad47a0c813c80a5a9b7
raw/rtm/rtm_2025-07.html,https://www.iexindia.com/market-data/real-time-market/market-snapshot?interval=ONE_FOURTH_HOUR&dp=SELECT_RANGE&showGraph=false&fromDate=01-07-2025&toDate=31-07-2025,2026-10-01T20:57:34,200,1002804,e19b45944639be4eb14dad320df6fd292a041a3b2758eb2148bdfc4a6db850f5
raw/dam/dam_2025-08.html,https://www.iexindia.com/market-data/day-ahead-market/market-snapshot?interval=ONE_FOURTH_HOUR&dp=SELECT_RANGE&showGraph=false&fromDate=01-08-2025&toDate=31-08-2025,2026-10-01T20:57:58,200,1004228,35420ccd44da6031d3f06be456dee075e2c1fa9e4e08e0333f53c5b67ddff09a
raw/rtm/rtm_2025-08.html,https://www.iexindia.com/market-data/real-time-market/market-snapshot?interval=ONE_FOURTH_HOUR&dp=SELECT_RANGE&showGraph=false&fromDate=01-08-2025&toDate=31-08-2025,2026-10-01T20:58:27,200,1002776,3ab8f43e5219cd5e1260d36b708311a7181912b8906706d53c133c5da41336ff
raw/dam/dam_2025-09.html,https://www.iexindia.com/market-data/day-ahead-market/market-snapshot?interval=ONE_FOURTH_HOUR&dp=SELECT_RANGE&showGraph=false&fromDate=01-09-2025&toDate=30-09-2025,2026-10-01T20:58:51,200,978944,4e5679feeecce2dcec4d2a937d957e334059d6748395d866d08d694928b6a7b6
raw/rtm/rtm_2025-09.html,https://www.iexindia.com/market-data/real-time-market/market-snapshot?interval=ONE_FOURTH_HOUR&dp=SELECT_RANGE&showGraph=false&fromDate=01-09-2025&toDate=30-09-2025,2026-10-01T20:59:13,200,978300,6602c10566fe42469fb49bc5b903d172a70f827e2b7bf2fb34f651916deb672d
raw/dam/dam_2025-10.html,https://www.iexindia.com/market-data/day-ahead-market/market-snapshot?interval=ONE_FOURTH_HOUR&dp=SELECT_RANGE&showGraph=false&fromDate=01-10-2025&toDate=31-10-2025,2026-10-01T20:59:29,200,1003608,981b75ec804b86c9f89a2986be6074ba6037e7af9163054123f8b085f094a14d
raw/rtm/rtm_2025-10.html,https://www.iexindia.com/market-data/real-time-market/market-snapshot?interval=ONE_FOURTH_HOUR&dp=SELECT_RANGE&showGraph=false&fromDate=01-10-2025&toDate=31-10-2025,2026-10-01T20:59:55,200,1002049,90b7c496d0757b8c4fe986b4cd5305350965fb9aa8658f512f6e41c2bea9300e
raw/dam/dam_2025-11.html,https://www.iexindia.com/market-data/day-ahead-market/market-snapshot?interval=ONE_FOURTH_HOUR&dp=SELECT_RANGE&showGraph=false&fromDate=01-11-2025&toDate=30-11-2025,2026-10-01T21:00:28,200,980941,65b571437ff08f0b2503aa4057098ecf9383058d29c331a74a65b83139a66e65
raw/rtm/rtm_2025-11.html,https://www.iexindia.com/market-data/real-time-market/market-snapshot?interval=ONE_FOURTH_HOUR&dp=SELECT_RANGE&showGraph=false&fromDate=01-11-2025&toDate=30-11-2025,2026-10-01T21:00:43,200,977974,60b41dc53c3703527da180ef23965b26da070034af40d062dfa6306d3b56394f
raw/dam/dam_2025-12.html,https://www.iexindia.com/market-data/day-ahead-market/market-snapshot?interval=ONE_FOURTH_HOUR&dp=SELECT_RANGE&showGraph=false&fromDate=01-12-2025&toDate=31-12-2025,2026-10-01T21:01:21,200,1006614,d589b03dd89c0a886c01c68d845d7cffbd4d12b42ad201ad7856acd9e87fd0cd
raw/rtm/rtm_2025-12.html,https://www.iexindia.com/market-data/real-time-market/market-snapshot?interval=ONE_FOURTH_HOUR&dp=SELECT_RANGE&showGraph=false&fromDate=01-12-2025&toDate=31-12-2025,2026-10-01T21:01:53,200,1002160,cffde6045dc93f79001b2b7cf169bb393930db82a6b6f3fc4c6fd8280ff07d9a
raw/dam/dam_2026-01.html,https://www.iexindia.com/market-data/day-ahead-market/market-snapshot?interval=ONE_FOURTH_HOUR&dp=SELECT_RANGE&showGraph=false&fromDate=01-01-2026&toDate=31-01-2026,2026-10-01T21:02:15,200,1006939,d032153f6ca3418a1461424f3994ea84eaddb3e20f11b4096801ab0f562bc360
raw/rtm/rtm_2026-01.html,https://www.iexindia.com/market-data/real-time-market/market-snapshot?interval=ONE_FOURTH_HOUR&dp=SELECT_RANGE&showGraph=false&fromDate=01-01-2026&toDate=31-01-2026,2026-10-01T21:02:27,200,1002302,bb17161fbab67ebfdede6cdc054407d40ba0c35fcf0621781dd5e1647f7f3d75
raw/dam/dam_2026-02.html,https://www.iexindia.com/market-data/day-ahead-market/market-snapshot?interval=ONE_FOURTH_HOUR&dp=SELECT_RANGE&showGraph=false&fromDate=01-02-2026&toDate=28-02-2026,2026-10-01T21:02:50,200,934448,9f63a43821c4b81dcf4f8a4884c1940a5152b30c66d41479f10993c561dd4530
raw/rtm/rtm_2026-02.html,https://www.iexindia.com/market-data/real-time-market/market-snapshot?interval=ONE_FOURTH_HOUR&dp=SELECT_RANGE&showGraph=false&fromDate=01-02-2026&toDate=28-02-2026,2026-10-01T21:03:10,200,929430,ac49f07a1525df4ef98e9a0e3675691c9d6767c87c40a0ae44425d1817c360a4
raw/dam/dam_2026-03.html,https://www.iexindia.com/market-data/day-ahead-market/market-snapshot?interval=ONE_FOURTH_HOUR&dp=SELECT_RANGE&showGraph=false&fromDate=01-03-2026&toDate=31-03-2026,2026-10-01T21:03:32,200,1008248,32b4cca89ca9872ae645fdc04d49df37685f982fb9d9e7cd605f60f34a5d0b8b
raw/rtm/rtm_2026-03.html,https://www.iexindia.com/market-data/real-time-market/market-snapshot?interval=ONE_FOURTH_HOUR&dp=SELECT_RANGE&showGraph=false&fromDate=01-03-2026&toDate=31-03-2026,2026-10-01T21:03:47,200,1003289,ab2202f54d81f0baaf587eaf03bcd4e7d8d8bb9c96fd4a2873d0c0926232a505
raw/dam/dam_2026-04.html,https://www.iexindia.com/market-data/day-ahead-market/market-snapshot?interval=ONE_FOURTH_HOUR&dp=SELECT_RANGE&showGraph=false&fromDate=01-04-2026&toDate=30-04-2026,2026-10-01T21:04:09,200,981340,417bbbddc92d50effc903a30e5fb0e31369a836e46e0c8eab41bd7f17db76a0b
raw/rtm/rtm_2026-04.html,https://www.iexindia.com/market-data/real-time-market/market-snapshot?interval=ONE_FOURTH_HOUR&dp=SELECT_RANGE&showGraph=false&fromDate=01-04-2026&toDate=30-04-2026,2026-10-01T21:04:23,200,980385,4159526c6415040e188b4ec8c1c3272bb7c175fe16203cd613a49a2647fcbdca
raw/dam/dam_2026-05.html,https://www.iexindia.com/market-data/day-ahead-market/market-snapshot?interval=ONE_FOURTH_HOUR&dp=SELECT_RANGE&showGraph=false&fromDate=01-05-2026&toDate=31-05-2026,2026-10-01T21:04:42,200,1004797,7f343a710cfc8e8bb8599419c4816713632bca9ebafaeddf490686a9ee3b9f58
raw/rtm/rtm_2026-05.html,https://www.iexindia.com/market-data/real-time-market/market-snapshot?interval=ONE_FOURTH_HOUR&dp=SELECT_RANGE&showGraph=false&fromDate=01-05-2026&toDate=31-05-2026,2026-10-01T21:05:07,200,1004144,081466834eb6321a75ac03bad920382ca8e79d3c39b007093153651d79290a86
raw/dam/dam_2026-06.html,https://www.iexindia.com/market-data/day-ahead-market/market-snapshot?interval=ONE_FOURTH_HOUR&dp=SELECT_RANGE&showGraph=false&fromDate=01-06-2026&toDate=30-06-2026,2026-10-01T21:05:22,200,980763,6585f1d74420a8cd40ea0aa6898762125b92e06fbee255c9f12867d8090c8eff
raw/rtm/rtm_2026-06.html,https://www.iexindia.com/market-data/real-time-market/market-snapshot?interval=ONE_FOURTH_HOUR&dp=SELECT_RANGE&showGraph=false&fromDate=01-06-2026&toDate=30-06-2026,2026-10-01T21:05:36,200,979845,6607848913c7df959c82b714854df0bc78ced1c59a3f7b58a4503ee81dc044d2
raw/dam/dam_2026-07.html,https://www.iexindia.com/market-data/day-ahead-market/market-snapshot?interval=ONE_FOURTH_HOUR&dp=SELECT_RANGE&showGraph=false&fromDate=01-07-2026&toDate=31-07-2026,2026-10-01T21:06:34,200,1006239,7d9386234960690032c1dac2fea78a1c5a86c3cf3589a4b20b19aec0781ab4ac
raw/rtm/rtm_2026-07.html,https://www.iexindia.com/market-data/real-time-market/market-snapshot?interval=ONE_FOURTH_HOUR&dp=SELECT_RANGE&showGraph=false&fromDate=01-07-2026&toDate=31-07-2026,2026-10-01T21:07:00,200,1005023,39f4ef38c5c869f4a08e187de9cbcd4df9e3686830efdbab8518a09ccdef2a76
raw/dam/dam_2026-08.html,https://www.iexindia.com/market-data/day-ahead-market/market-snapshot?interval=ONE_FOURTH_HOUR&dp=SELECT_RANGE&showGraph=false&fromDate=01-08-2026&toDate=31-08-2026,2026-10-01T21:07:20,200,1007242,a98f85e85f4ef7ef73f12615b7a56f251e8bb86a174b57fb937b5b1e2a198aff
raw/rtm/rtm_2026-08.html,https://www.iexindia.com/market-data/real-time-market/market-snapshot?interval=ONE_FOURTH_HOUR&dp=SELECT_RANGE&showGraph=false&fromDate=01-08-2026&toDate=31-08-2026,2026-10-01T21:07:32,200,1004478,ef3bcfa3254edc0f0b428b6f3ffb14079355a381264bdd39f8552fa40c300fbf
raw/dam/dam_2026-09.html,https://www.iexindia.com/market-data/day-ahead-market/market-snapshot?interval=ONE_FOURTH_HOUR&dp=SELECT_RANGE&showGraph=false&fromDate=01-09-2026&toDate=30-09-2026,2026-10-01T21:07:48,200,981381,a0e44d5aafe21cccbd7f54f01cbbc639c92c2780239c0024fb9ffedd4d4774e9
raw/rtm/rtm_2026-09.html,https://www.iexindia.com/market-data/real-time-market/market-snapshot?interval=ONE_FOURTH_HOUR&dp=SELECT_RANGE&showGraph=false&fromDate=01-09-2026&toDate=30-09-2026,2026-10-01T21:08:09,200,983046,8581986ef2605268b6ea96cc89205344d96ae350587f4e6e9fd5e37be5a9fa31
